address,area_sqft,baths,beds,city,days_on_zillow,home_type,img_url,latitude,longitude,lot_area_unit,lot_area_value,price,price_numeric,state,status_text,status_type,url,year_built,zipcode,zpid
"6 Regent Ct, Champaign, IL 61820",2615.0,3.0,5.0,Champaign,,SINGLE_FAMILY,https://photos.zillowstatic.com/fp/d3be397544e41e0b4fb6888d975f1a33-p_e.jpg,40.08166,-88.255165,acres,0.27999999999999997,"$355,000",355000.0,IL,New,FOR_SALE,https://www.zillow.com/homedetails/6-Regent-Ct-Champaign-IL-61820/3198843_zpid/,,61820,3198843
"1707 W Old Church Rd, Champaign, IL 61822",1529.0,2.0,3.0,Champaign,,SINGLE_FAMILY,https://photos.zillowstatic.com/fp/859a1359f858788c32e143849673d709-p_e.jpg,40.05415,-88.274826,acres,0.95,"$269,900",269900.0,IL,New,FOR_SALE,https://www.zillow.com/homedetails/1707-W-Old-Church-Rd-Champaign-IL-61822/3215783_zpid/,,61822,3215783
"7 Greencroft Dr, Champaign, IL 61821",3123.0,3.0,4.0,Champaign,,SINGLE_FAMILY,https://photos.zillowstatic.com/fp/666ab25f244f2ace3679e8921596168b-p_e.jpg,40.101517,-88.26072,acres,0.5509641873278237,"$1,300,000",1300000.0,IL,New,FOR_SALE,https://www.zillow.com/homedetails/7-Greencroft-Dr-Champaign-IL-61821/3227991_zpid/,,61821,3227991
"909 W Union St, Champaign, IL 61821",1200.0,1.0,2.0,Champaign,,SINGLE_FAMILY,https://photos.zillowstatic.com/fp/6ab241c99ce09323d97cc516ebbeae1b-p_e.jpg,40.113266,-88.259094,sqft,7000.0,"$210,000",210000.0,IL,New,FOR_SALE,https://www.zillow.com/homedetails/909-W-Union-St-Champaign-IL-61821/3224077_zpid/,,61821,3224077
"3207 Ridgewood Dr, Champaign, IL 61821",912.0,1.0,3.0,Champaign,,SINGLE_FAMILY,https://photos.zillowstatic.com/fp/686e5119e4dadb6fab42c7781bbe67a3-p_e.jpg,40.111683,-88.29978,sqft,6969.6,"$149,900",149900.0,IL,New,FOR_SALE,https://www.zillow.com/homedetails/3207-Ridgewood-Dr-Champaign-IL-61821/3229626_zpid/,,61821,3229626
"2004 Emerald Dr, Champaign, IL 61822",2004.0,3.0,3.0,Champaign,,SINGLE_FAMILY,https://photos.zillowstatic.com/fp/4e484a51bb8a12ea114c096729fb7435-p_e.jpg,40.090546,-88.3239,acres,0.2686868686868687,"$424,900",424900.0,IL,New,FOR_SALE,https://www.zillow.com/homedetails/2004-Emerald-Dr-Champaign-IL-61822/65292685_zpid/,,61822,65292685
"1120 W Church St, Champaign, IL 61821",2063.0,2.0,4.0,Champaign,,SINGLE_FAMILY,https://photos.zillowstatic.com/fp/8e0e23ee1c8b3d3fff654403f4ac9836-p_e.jpg,40.118565,-88.26485,sqft,7405.2,"$435,000",435000.0,IL,New,FOR_SALE,https://www.zillow.com/homedetails/1120-W-Church-St-Champaign-IL-61821/3223629_zpid/,,61821,3223629
"905 S Duncan Rd, Champaign, IL 61821",958.0,1.0,3.0,Champaign,,SINGLE_FAMILY,https://photos.zillowstatic.com/fp/a1b62acc3e4d8fec0c4c589a05eafd3e-p_e.jpg,40.10667,-88.29567,sqft,6500.0,"$149,900",149900.0,IL,New,FOR_SALE,https://www.zillow.com/homedetails/905-S-Duncan-Rd-Champaign-IL-61821/3229999_zpid/,,61821,3229999
"1208 W Union St, Champaign, IL 61821",1923.0,2.0,4.0,Champaign,,SINGLE_FAMILY,https://photos.zillowstatic.com/fp/d9a88347cd56406edfcb1c0d114b5d56-p_e.jpg,40.113873,-88.26598,sqft,8712.0,"$229,900",229900.0,IL,Active,FOR_SALE,https://www.zillow.com/homedetails/1208-W-Union-St-Champaign-IL-61821/3223901_zpid/,,61821,3223901
"1012 Waters Edge Rd, Champaign, IL 61822",2482.0,3.0,4.0,Champaign,,SINGLE_FAMILY,https://photos.zillowstatic.com/fp/944778929522ede13ab838920df109e3-p_e.jpg,40.105103,-88.30579,acres,0.29545454545454547,"$365,000",365000.0,IL,Active,FOR_SALE,https://www.zillow.com/homedetails/1012-Waters-Edge-Rd-Champaign-IL-61822/59716012_zpid/,,61822,59716012
"603 W Clark St, Champaign, IL 61820",1820.0,2.0,4.0,Champaign,,SINGLE_FAMILY,https://photos.zillowstatic.com/fp/54361fd42c577e39b4862942be0d0234-p_e.jpg,40.115032,-88.252205,sqft,5280.0,"$185,000",185000.0,IL,Price Change,FOR_SALE,https://www.zillow.com/homedetails/603-W-Clark-St-Champaign-IL-61820/3225116_zpid/,,61820,3225116
"2009 Southwood Dr, Champaign, IL 61821",961.0,1.0,3.0,Champaign,,SINGLE_FAMILY,https://photos.zillowstatic.com/fp/216acfe351a1273dd87b2a33d63875d5-p_e.jpg,40.095284,-88.28198,sqft,7200.0,"$125,000",125000.0,IL,New,FOR_SALE,https://www.zillow.com/homedetails/2009-Southwood-Dr-Champaign-IL-61821/3230639_zpid/,,61821,3230639
"1212 W Healey St, Champaign, IL 61821",2641.0,3.0,4.0,Champaign,,SINGLE_FAMILY,https://photos.zillowstatic.com/fp/e551358bdeecc0a0e9d3b3456f2d5abf-p_e.jpg,40.112026,-88.26641,acres,0.275,"$450,000",450000.0,IL,Active,FOR_SALE,https://www.zillow.com/homedetails/1212-W-Healey-St-Champaign-IL-61821/3226892_zpid/,,61821,3226892
"4700 Chestnut Grove Dr, Champaign, IL 61822",3105.0,5.0,5.0,Champaign,,SINGLE_FAMILY,https://photos.zillowstatic.com/fp/97aa0ed2a74e3bed116578a56d019765-p_e.jpg,40.095238,-88.32417,,,"$765,000",765000.0,IL,Active,FOR_SALE,https://www.zillow.com/homedetails/4700-Chestnut-Grove-Dr-Champaign-IL-61822/70052418_zpid/,,61822,70052418
"615 Erin Dr, Champaign, IL 61822",1332.0,2.0,3.0,Champaign,,SINGLE_FAMILY,https://photos.zillowstatic.com/fp/f15f1eb64d9bd2fa210751ded7375065-p_e.jpg,40.123383,-88.30393,,,"$239,900",239900.0,IL,Price Change,FOR_SALE,https://www.zillow.com/homedetails/615-Erin-Dr-Champaign-IL-61822/3221297_zpid/,,61822,3221297
"2501 Woodridge Pl, Champaign, IL 61822",2300.0,4.0,4.0,Champaign,,SINGLE_FAMILY,https://photos.zillowstatic.com/fp/162076bfe07a12151e808f9e4e147b96-p_e.jpg,40.07954,-88.28713,acres,0.26,"$508,500",508500.0,IL,Active,FOR_SALE,https://www.zillow.com/homedetails/2501-Woodridge-Pl-Champaign-IL-61822/3199477_zpid/,,61822,3199477
"1007 Holiday Dr, Champaign, IL 61821",1479.0,2.0,3.0,Champaign,,SINGLE_FAMILY,https://photos.zillowstatic.com/fp/435590aba580f7b22bca30000001eb06-p_e.jpg,40.10536,-88.27827,sqft,7150.0,"$195,000",195000.0,IL,Active,FOR_SALE,https://www.zillow.com/homedetails/1007-Holiday-Dr-Champaign-IL-61821/3229259_zpid/,,61821,3229259
"1503 Summit Ridge Rd, Champaign, IL 61821",1048.0,1.0,4.0,Champaign,,SINGLE_FAMILY,https://photos.zillowstatic.com/fp/a177ff4b4574ee961d75bf168663caf2-p_e.jpg,40.13133,-88.27626,sqft,6500.0,"$149,900",149900.0,IL,Active,FOR_SALE,https://www.zillow.com/homedetails/1503-Summit-Ridge-Rd-Champaign-IL-61821/3220272_zpid/,,61821,3220272
"2012 Byrnebruk Dr, Champaign, IL 61822",2359.0,5.0,4.0,Champaign,,SINGLE_FAMILY,https://photos.zillowstatic.com/fp/1ef1beb82da48b04894b9d96bbb8e767-p_e.jpg,40.09115,-88.30731,acres,0.3,"$689,000",689000.0,IL,New,FOR_SALE,https://www.zillow.com/homedetails/2012-Byrnebruk-Dr-Champaign-IL-61822/3197963_zpid/,,61822,3197963
"404 E Park St, Champaign, IL 61820",2092.0,2.0,3.0,Champaign,,SINGLE_FAMILY,https://photos.zillowstatic.com/fp/52a60f69eda759924c626859d32b2519-p_e.jpg,40.11764,-88.2333,sqft,8712.0,"$179,900",179900.0,IL,Active,FOR_SALE,https://www.zillow.com/homedetails/404-E-Park-St-Champaign-IL-61820/3235290_zpid/,,61820,3235290
"1612 W Kirby Ave, Champaign, IL 61821",1454.0,2.0,3.0,Champaign,,SINGLE_FAMILY,https://photos.zillowstatic.com/fp/d69ab7c925a121289d6eb53c40bc3374-p_e.jpg,40.098442,-88.274124,sqft,8712.0,"$150,000",150000.0,IL,Active,FOR_SALE,https://www.zillow.com/homedetails/1612-W-Kirby-Ave-Champaign-IL-61821/3227797_zpid/,,61821,3227797
"1403 Peppermill Ln, Champaign, IL 61822",1812.0,2.0,3.0,Champaign,,SINGLE_FAMILY,https://photos.zillowstatic.com/fp/904cd4f150af7e03566b0567b8e97ed3-p_e.jpg,40.130157,-88.31229,sqft,7150.0,"$305,000",305000.0,IL,Price Change,FOR_SALE,https://www.zillow.com/homedetails/1403-Peppermill-Ln-Champaign-IL-61822/65290982_zpid/,,61822,65290982
"1914 Woodfield Rd, Champaign, IL 61822",2785.0,4.0,4.0,Champaign,,SINGLE_FAMILY,https://photos.zillowstatic.com/fp/939b027018c2481655f637758d6bdc17-p_e.jpg,40.09285,-88.30764,,,"$475,000",475000.0,IL,New,FOR_SALE,https://www.zillow.com/homedetails/1914-Woodfield-Rd-Champaign-IL-61822/3197903_zpid/,,61822,3197903
"2410 Cherry Hills Dr, Champaign, IL 61822",2421.0,3.0,4.0,Champaign,,SINGLE_FAMILY,https://photos.zillowstatic.com/fp/cc9fa71c399470d42780b93689018ee8-p_e.jpg,40.082634,-88.28926,,,"$370,000",370000.0,IL,Active,FOR_SALE,https://www.zillow.com/homedetails/2410-Cherry-Hills-Dr-Champaign-IL-61822/3199490_zpid/,,61822,3199490
"1302 W Clark St, Champaign, IL 61821",1781.0,2.0,3.0,Champaign,,SINGLE_FAMILY,https://photos.zillowstatic.com/fp/c086fa0e72c6b9c249c4c4c4b8ae1804-p_e.jpg,40.115707,-88.267555,,,"$295,000",295000.0,IL,Active,FOR_SALE,https://www.zillow.com/homedetails/1302-W-Clark-St-Champaign-IL-61821/3223453_zpid/,,61821,3223453
"2306 Winchester Dr, Champaign, IL 61821",1573.0,2.0,3.0,Champaign,,SINGLE_FAMILY,https://photos.zillowstatic.com/fp/0ab40f14c457fba5d928b3dc19538ba4-p_e.jpg,40.08622,-88.28123,sqft,6534.0,"$234,900",234900.0,IL,Active,FOR_SALE,https://www.zillow.com/homedetails/2306-Winchester-Dr-Champaign-IL-61821/3231875_zpid/,,61821,3231875
"910 W Park Ave, Champaign, IL 61821",2950.0,3.0,4.0,Champaign,,SINGLE_FAMILY,https://photos.zillowstatic.com/fp/8c7ba66c49be70597e961913ef74199d-p_e.jpg,40.117577,-88.25898,sqft,9575.28,"$395,000",395000.0,IL,Active,FOR_SALE,https://www.zillow.com/homedetails/910-W-Park-Ave-Champaign-IL-61821/3223800_zpid/,,61821,3223800
"809 S Victor St, Champaign, IL 61821",1348.0,2.0,3.0,Champaign,,SINGLE_FAMILY,https://photos.zillowstatic.com/fp/c829f192349aff2c0cbf4903279e8230-p_e.jpg,40.107197,-88.274124,sqft,10018.8,"$229,900",229900.0,IL,Active,FOR_SALE,https://www.zillow.com/homedetails/809-S-Victor-St-Champaign-IL-61821/3226737_zpid/,,61821,3226737
"1106 W Kirby Ave, Champaign, IL 61821",1804.0,2.0,4.0,Champaign,,SINGLE_FAMILY,https://photos.zillowstatic.com/fp/afd7e68bbf36bab981510514c9df01a1-p_e.jpg,40.098526,-88.263695,acres,0.44000000000000006,"$284,900",284900.0,IL,Active,FOR_SALE,https://www.zillow.com/homedetails/1106-W-Kirby-Ave-Champaign-IL-61821/3227985_zpid/,,61821,3227985
"1606 W Union St, Champaign, IL 61821",1550.0,2.0,3.0,Champaign,,SINGLE_FAMILY,https://photos.zillowstatic.com/fp/17f1e6ad1955212ff2a5cb87d1f549ac-p_e.jpg,40.113857,-88.27311,acres,0.2938475665748393,"$175,000",175000.0,IL,New,FOR_SALE,https://www.zillow.com/homedetails/1606-W-Union-St-Champaign-IL-61821/3223367_zpid/,,61821,3223367
"2711 Bayhill Dr, Champaign, IL 61822",2088.0,3.0,4.0,Champaign,,SINGLE_FAMILY,https://photos.zillowstatic.com/fp/9dbf0c964d142f5d47b99d02d84c2c47-p_e.jpg,40.073807,-88.29186,,,"$359,900",359900.0,IL,Active,FOR_SALE,https://www.zillow.com/homedetails/2711-Bayhill-Dr-Champaign-IL-61822/3199790_zpid/,,61822,3199790
"57 Mary Ln, Champaign, IL 61822",2366.0,3.0,4.0,Champaign,,SINGLE_FAMILY,https://photos.zillowstatic.com/fp/03023764d3b878966762d39c02e279cb-p_e.jpg,40.17225,-88.24355,acres,0.8300000000000001,"$295,000",295000.0,IL,Price Change,FOR_SALE,https://www.zillow.com/homedetails/57-Mary-Ln-Champaign-IL-61822/3201909_zpid/,,61822,3201909
"1211 English Oak Dr, Champaign, IL 61822",2930.0,5.0,6.0,Champaign,,SINGLE_FAMILY,https://photos.zillowstatic.com/fp/43776eeba97a5f8be93f59521ab3be5d-p_e.jpg,40.103886,-88.326515,acres,0.27999999999999997,"$715,000",715000.0,IL,Active,FOR_SALE,https://www.zillow.com/homedetails/1211-English-Oak-Dr-Champaign-IL-61822/89046285_zpid/,,61822,89046285
"2303 County Road 1100 E, Champaign, IL 61822",3007.0,2.0,3.0,Champaign,,SINGLE_FAMILY,https://photos.zillowstatic.com/fp/7eca815cfc14a39b8170f7e06f449fbb-p_e.jpg,40.215607,-88.25968,acres,6.67,"$550,000",550000.0,IL,Active,FOR_SALE,https://www.zillow.com/homedetails/2303-County-Road-1100-E-Champaign-IL-61822/3201785_zpid/,,61822,3201785
"412 Louisiana Ave, Champaign, IL 61820",1366.0,3.0,3.0,Champaign,,SINGLE_FAMILY,https://photos.zillowstatic.com/fp/2970824a73f6bed17528d447475b9a72-p_e.jpg,40.128216,-88.24968,,,"$74,900",74900.0,IL,House for sale,FOR_SALE,https://www.zillow.com/homedetails/412-Louisiana-Ave-Champaign-IL-61820/3219619_zpid/,,61820,3219619
"703 S Randolph St, Champaign, IL 61820",1511.0,1.0,3.0,Champaign,,SINGLE_FAMILY,https://photos.zillowstatic.com/fp/347c3b79ee0869a8099eadc2d06e94b0-p_e.jpg,40.108765,-88.24519,sqft,3800.0,"$150,000",150000.0,IL,Active,FOR_SALE,https://www.zillow.com/homedetails/703-S-Randolph-St-Champaign-IL-61820/3225851_zpid/,,61820,3225851
"3204 Stanley Ln, Champaign, IL 61822",2197.0,3.0,3.0,Champaign,,SINGLE_FAMILY,https://photos.zillowstatic.com/fp/a4dce033b96166133c961265b43fdc2a-p_e.jpg,40.153534,-88.24947,sqft,5662.8,"$354,900",354900.0,IL,New,FOR_SALE,https://www.zillow.com/homedetails/3204-Stanley-Ln-Champaign-IL-61822/72587356_zpid/,,61822,72587356
"812 Dodds Dr, Champaign, IL 61820",3686.0,4.0,4.0,Champaign,,SINGLE_FAMILY,https://photos.zillowstatic.com/fp/f24b9665d183d0bbf550285e5797801c-p_e.jpg,40.099575,-88.2551,acres,1.53,"$1,390,000",1390000.0,IL,Price Change,FOR_SALE,https://www.zillow.com/homedetails/812-Dodds-Dr-Champaign-IL-61820/3226254_zpid/,,61820,3226254
"2801 Valley Brook Dr, Champaign, IL 61822",3007.0,3.0,5.0,Champaign,,SINGLE_FAMILY,https://photos.zillowstatic.com/fp/670a1b9a46b6948ea835d6db620d6869-p_e.jpg,40.085915,-88.29006,sqft,10454.4,"$475,000",475000.0,IL,Active,FOR_SALE,https://www.zillow.com/homedetails/2801-Valley-Brook-Dr-Champaign-IL-61822/3231228_zpid/,,61822,3231228
"1607 W William St, Champaign, IL 61821",1234.0,1.0,3.0,Champaign,,SINGLE_FAMILY,https://photos.zillowstatic.com/fp/3340f7f5c39faa2c377d81d38888605e-p_e.jpg,40.106483,-88.273254,,,"$239,900",239900.0,IL,New,FOR_SALE,https://www.zillow.com/homedetails/1607-W-William-St-Champaign-IL-61821/3226796_zpid/,,61821,3226796
"508 Haines Blvd, Champaign, IL 61820",1656.0,2.0,3.0,Champaign,,SINGLE_FAMILY,https://photos.zillowstatic.com/fp/bd763ad3d7279c5b5da74e3aecbdcca4-p_e.jpg,40.103886,-88.25143,,,"$299,000",299000.0,IL,Active,FOR_SALE,https://www.zillow.com/homedetails/508-Haines-Blvd-Champaign-IL-61820/3226115_zpid/,,61820,3226115
"4703 W Kirby Ave, Champaign, IL 61822",7911.0,7.0,8.0,Champaign,,SINGLE_FAMILY,https://photos.zillowstatic.com/fp/4c92c42c7c477f7a3ee2cfc77f0c3778-p_e.jpg,40.09822,-88.324165,acres,2.13,"$1,850,000",1850000.0,IL,Active,FOR_SALE,https://www.zillow.com/homedetails/4703-W-Kirby-Ave-Champaign-IL-61822/3197518_zpid/,,61822,3197518
"2206 O'Donnell Dr, Champaign, IL 61821",2379.0,4.0,4.0,Champaign,,SINGLE_FAMILY,https://photos.zillowstatic.com/fp/f87013c8f2ad4cd6dbd8204a53ec581e-p_e.jpg,40.085728,-88.26716,sqft,10140.0,"$364,900",364900.0,IL,New,FOR_SALE,https://www.zillow.com/homedetails/2206-O'Donnell-Dr-Champaign-IL-61821/3232950_zpid/,,61821,3232950
"911 W Charles St, Champaign, IL 61821",1326.0,2.0,3.0,Champaign,,SINGLE_FAMILY,"https://maps.googleapis.com/maps/api/staticmap?mobile=false&sensor=true&maptype=satellite&size=575x242&zoom=17&center=40.10602951049805,-88.25883483886719&key=AIzaSyBWYJWCA8FNMQvSe_k3LKfDGJaEgdKwsco&signature=KGtqJUPV4S4EI4u-p-yjYnmG5_k=",40.10603,-88.258835,sqft,1324.0,"$320,000",320000.0,IL,For sale by owner,FOR_SALE,https://www.zillow.com/homedetails/911-W-Charles-St-Champaign-IL-61821/3227472_zpid/,,61821,3227472
"314 Elmwood Dr, Champaign, IL 61821",1430.0,2.0,3.0,Champaign,,SINGLE_FAMILY,https://photos.zillowstatic.com/fp/0b0b910a48ea8fdca265fde87ca8732b-p_e.jpg,40.113655,-88.263405,,,"$259,900",259900.0,IL,Active,FOR_SALE,https://www.zillow.com/homedetails/314-Elmwood-Dr-Champaign-IL-61821/3223948_zpid/,,61821,3223948
"1904 Mullikin Dr, Champaign, IL 61822",3105.0,4.0,5.0,Champaign,,SINGLE_FAMILY,https://photos.zillowstatic.com/fp/b23dd44e76ecba68d697ae74e3ff7ff3-p_e.jpg,40.09202,-88.32144,,,"$569,900",569900.0,IL,Active,FOR_SALE,https://www.zillow.com/homedetails/1904-Mullikin-Dr-Champaign-IL-61822/65292663_zpid/,,61822,65292663
"32 Greencroft Dr, Champaign, IL 61821",2644.0,2.0,3.0,Champaign,,SINGLE_FAMILY,https://photos.zillowstatic.com/fp/4d0ae80a2fbd3a0372c2b4d35cd026a0-p_e.jpg,40.100056,-88.25858,acres,0.6599999999999999,"$725,000",725000.0,IL,Active,FOR_SALE,https://www.zillow.com/homedetails/32-Greencroft-Dr-Champaign-IL-61821/3228020_zpid/,,61821,3228020
"1217 Foothill Dr, Champaign, IL 61821",2082.0,2.0,4.0,Champaign,,SINGLE_FAMILY,https://photos.zillowstatic.com/fp/6a43ef36737f86733c72a4bc1db2f565-p_e.jpg,40.09558,-88.26678,acres,0.3,"$299,900",299900.0,IL,Active,FOR_SALE,https://www.zillow.com/homedetails/1217-Foothill-Dr-Champaign-IL-61821/3232288_zpid/,,61821,3232288
"1018 W Church St, Champaign, IL 61821",2952.0,3.0,4.0,Champaign,,SINGLE_FAMILY,https://photos.zillowstatic.com/fp/368df84a856644be664cea85c515dc36-p_e.jpg,40.11857,-88.2622,sqft,7840.8,"$624,900",624900.0,IL,Active,FOR_SALE,https://www.zillow.com/homedetails/1018-W-Church-St-Champaign-IL-61821/3223734_zpid/,,61821,3223734
"4111 Farhills Dr, Champaign, IL 61822",2564.0,4.0,4.0,Champaign,,SINGLE_FAMILY,https://photos.zillowstatic.com/fp/6f7f22c54712fa235096fa5dcf3fd129-p_e.jpg,40.085625,-88.31373,,,"$420,000",420000.0,IL,Active,FOR_SALE,https://www.zillow.com/homedetails/4111-Farhills-Dr-Champaign-IL-61822/3198301_zpid/,,61822,3198301
"907 W Church St, Champaign, IL 61821",2594.0,4.0,3.0,Champaign,,SINGLE_FAMILY,https://photos.zillowstatic.com/fp/7f9442340461a63621cb87ef700419bf-p_e.jpg,40.117943,-88.258766,sqft,9583.2,"$299,900",299900.0,IL,Price Change,FOR_SALE,https://www.zillow.com/homedetails/907-W-Church-St-Champaign-IL-61821/3223785_zpid/,,61821,3223785
"801 Erin Dr, Champaign, IL 61822",1486.0,2.0,3.0,Champaign,,SINGLE_FAMILY,https://photos.zillowstatic.com/fp/4d3d54dd52e4cb6ea94b300ed2459921-p_e.jpg,40.125572,-88.3041,acres,0.32999999999999996,"$255,000",255000.0,IL,Active,FOR_SALE,https://www.zillow.com/homedetails/801-Erin-Dr-Champaign-IL-61822/3221312_zpid/,,61822,3221312
"1806 Bentbrook Dr, Champaign, IL 61822",3111.0,3.0,5.0,Champaign,,SINGLE_FAMILY,https://photos.zillowstatic.com/fp/5e5d300f1871167330aaa9de1975580e-p_e.jpg,40.09506,-88.31094,,,"$699,000",699000.0,IL,New,FOR_SALE,https://www.zillow.com/homedetails/1806-Bentbrook-Dr-Champaign-IL-61822/3197802_zpid/,,61822,3197802
"604 Alabama Ave, Champaign, IL 61820",730.0,1.0,2.0,Champaign,,SINGLE_FAMILY,https://photos.zillowstatic.com/fp/53fbb9caeef28eaeaab2f1ba02cb56a9-p_e.jpg,40.129066,-88.25216,sqft,6032.0,"$69,900",69900.0,IL,Active,FOR_SALE,https://www.zillow.com/homedetails/604-Alabama-Ave-Champaign-IL-61820/3219550_zpid/,,61820,3219550
"1801 Crescent Dr, Champaign, IL 61821",2146.0,2.0,4.0,Champaign,,SINGLE_FAMILY,https://photos.zillowstatic.com/fp/cbe335e8a2047b1f1cad4e0adf77b3b7-p_e.jpg,40.094463,-88.28353,,,"$249,900",249900.0,IL,Active,FOR_SALE,https://www.zillow.com/homedetails/1801-Crescent-Dr-Champaign-IL-61821/3230850_zpid/,,61821,3230850
"3504 Mill Creek Ct, Champaign, IL 61822",2354.0,3.0,4.0,Champaign,,SINGLE_FAMILY,https://photos.zillowstatic.com/fp/c89dee8f56db61989171342939e293ed-p_e.jpg,40.069916,-88.292435,acres,0.5582644628099174,"$385,000",385000.0,IL,For sale by owner,FOR_SALE,https://www.zillow.com/homedetails/3504-Mill-Creek-Ct-Champaign-IL-61822/3199710_zpid/,,61822,3199710
"2410 Stillwater Dr, Champaign, IL 61821",1679.0,2.0,3.0,Champaign,,SINGLE_FAMILY,https://photos.zillowstatic.com/fp/48b262817d199151576d557c0e187429-p_e.jpg,40.082687,-88.267136,,,"$319,000",319000.0,IL,Active,FOR_SALE,https://www.zillow.com/homedetails/2410-Stillwater-Dr-Champaign-IL-61821/3234118_zpid/,,61821,3234118
"4712 Watermark Dr, Champaign, IL 61822",2263.0,4.0,5.0,Champaign,,SINGLE_FAMILY,https://photos.zillowstatic.com/fp/86c74188cedbdeee04329f758fdec481-p_e.jpg,40.087746,-88.32473,sqft,9600.0,"$479,000",479000.0,IL,Price Change,FOR_SALE,https://www.zillow.com/homedetails/4712-Watermark-Dr-Champaign-IL-61822/70052451_zpid/,,61822,70052451
"1202 Foothill Dr, Champaign, IL 61821",3302.0,4.0,4.0,Champaign,,SINGLE_FAMILY,https://photos.zillowstatic.com/fp/da4634a9ad454032ee32bf7ac6244126-p_e.jpg,40.095203,-88.26446,acres,0.38,"$385,000",385000.0,IL,Price Change,FOR_SALE,https://www.zillow.com/homedetails/1202-Foothill-Dr-Champaign-IL-61821/3232308_zpid/,,61821,3232308
"4509 Nicklaus Dr, Champaign, IL 61822",1899.0,4.0,4.0,Champaign,,SINGLE_FAMILY,https://photos.zillowstatic.com/fp/ed60b73f68459d8e41e04a62c492fcf3-p_e.jpg,40.075974,-88.31993,sqft,4860.0,"$444,900",444900.0,IL,Active,FOR_SALE,https://www.zillow.com/homedetails/4509-Nicklaus-Dr-Champaign-IL-61822/443842930_zpid/,,61822,443842930
"1512 Cobblefield Rd, Champaign, IL 61822",2920.0,3.0,4.0,Champaign,,SINGLE_FAMILY,https://photos.zillowstatic.com/fp/6e9bb11c1358bd7a4ecb9aa37c3d57ae-p_e.jpg,40.099434,-88.307785,,,"$365,000",365000.0,IL,Price Change,FOR_SALE,https://www.zillow.com/homedetails/1512-Cobblefield-Rd-Champaign-IL-61822/3197466_zpid/,,61822,3197466
"806 Scottsdale Dr, Champaign, IL 61821",929.0,2.0,4.0,Champaign,,SINGLE_FAMILY,https://photos.zillowstatic.com/fp/5566a8d3e477016c77497c83c4c81201-p_e.jpg,40.107674,-88.28854,sqft,6608.55,"$249,999",249999.0,IL,Active,FOR_SALE,https://www.zillow.com/homedetails/806-Scottsdale-Dr-Champaign-IL-61821/3228354_zpid/,,61821,3228354
"1305 N Walnut St, Champaign, IL 61820",1500.0,2.0,4.0,Champaign,,SINGLE_FAMILY,https://photos.zillowstatic.com/fp/19176d02add4d88679d56360d0ae6963-p_e.jpg,40.129013,-88.24146,sqft,8712.0,"$150,000",150000.0,IL,Active,FOR_SALE,https://www.zillow.com/homedetails/1305-N-Walnut-St-Champaign-IL-61820/3219894_zpid/,,61820,3219894
"2104 Wiggins St, Champaign, IL 61822",2990.0,4.0,5.0,Champaign,,SINGLE_FAMILY,https://photos.zillowstatic.com/fp/708d2a16c16569c3aa415e5a1795afcd-p_e.jpg,40.089436,-88.32621,sqft,10790.0,"$530,000",530000.0,IL,Active,FOR_SALE,https://www.zillow.com/homedetails/2104-Wiggins-St-Champaign-IL-61822/70049071_zpid/,,61822,70049071
"3006 Countrybend Ln, Champaign, IL 61822",2360.0,4.0,3.0,Champaign,,SINGLE_FAMILY,https://photos.zillowstatic.com/fp/2e51fed61f6221ed9fec3dc25c02ad69-p_e.jpg,40.08016,-88.296364,sqft,10200.0,"$405,000",405000.0,IL,Active,FOR_SALE,https://www.zillow.com/homedetails/3006-Countrybend-Ln-Champaign-IL-61822/3234678_zpid/,,61822,3234678
"2317 Joseph St, Champaign, IL 61822",2168.0,3.0,5.0,Champaign,,SINGLE_FAMILY,https://photos.zillowstatic.com/fp/2585f71cb764acb89f96b0f015bbb1c3-p_e.jpg,40.086437,-88.32697,sqft,7986.0,"$479,000",479000.0,IL,Active,FOR_SALE,https://www.zillow.com/homedetails/2317-Joseph-St-Champaign-IL-61822/72581355_zpid/,,61822,72581355
"5017 Trey Blvd, Champaign, IL 61820",2506.0,3.0,3.0,Champaign,,SINGLE_FAMILY,https://photos.zillowstatic.com/fp/1f47932d8eed684b2acbea2edba9768d-p_e.jpg,40.099174,-88.33111,acres,0.2647842056932966,"$499,999",499999.0,IL,Price Change,FOR_SALE,https://www.zillow.com/homedetails/5017-Trey-Blvd-Champaign-IL-61820/89056460_zpid/,,61820,89056460
"606 W Springfield Ave, Champaign, IL 61820",1846.0,2.0,4.0,Champaign,,SINGLE_FAMILY,https://photos.zillowstatic.com/fp/0bcea8bb5ab975e2e7eff20beef065e8-p_e.jpg,40.112877,-88.252426,sqft,7434.0,"$270,000",270000.0,IL,Active,FOR_SALE,https://www.zillow.com/homedetails/606-W-Springfield-Ave-Champaign-IL-61820/3225161_zpid/,,61820,3225161
"302 Flora Dr, Champaign, IL 61821",1588.0,1.0,4.0,Champaign,,SINGLE_FAMILY,https://photos.zillowstatic.com/fp/d456f1e2728d9101f5a28f6b12b0dde2-p_e.jpg,40.11406,-88.2663,sqft,5662.8,"$189,900",189900.0,IL,Price Change,FOR_SALE,https://www.zillow.com/homedetails/302-Flora-Dr-Champaign-IL-61821/3223889_zpid/,,61821,3223889
"1619 Peppermill Ln, Champaign, IL 61822",1630.0,2.0,3.0,Champaign,,SINGLE_FAMILY,https://photos.zillowstatic.com/fp/36ddee6823f75501b281d25192234f4e-p_e.jpg,40.128777,-88.31231,sqft,6534.0,"$379,000",379000.0,IL,Active,FOR_SALE,https://www.zillow.com/homedetails/1619-Peppermill-Ln-Champaign-IL-61822/455545564_zpid/,,61822,455545564
"5016 Trey Blvd, Champaign, IL 61822",2160.0,3.0,4.0,Champaign,,SINGLE_FAMILY,https://photos.zillowstatic.com/fp/3a8a90a7d4e92394d84666c0665b245f-p_e.jpg,40.099705,-88.33107,sqft,9600.0,"$650,000",650000.0,IL,Active,FOR_SALE,https://www.zillow.com/homedetails/5016-Trey-Blvd-Champaign-IL-61822/89055814_zpid/,,61822,89055814
"1507 W Columbia Ave, Champaign, IL 61821",1031.0,1.0,3.0,Champaign,,SINGLE_FAMILY,https://photos.zillowstatic.com/fp/a83ed25d05a12777dd6c3a7b0adc5fce-p_e.jpg,40.120983,-88.27135,sqft,8128.0,"$169,900",169900.0,IL,Active,FOR_SALE,https://www.zillow.com/homedetails/1507-W-Columbia-Ave-Champaign-IL-61821/3222312_zpid/,,61821,3222312
"22 Greencroft Dr, Champaign, IL 61821",3667.0,3.0,3.0,Champaign,,SINGLE_FAMILY,https://photos.zillowstatic.com/fp/caf012f49030b419348e9e4c68dce789-p_e.jpg,40.100826,-88.25801,acres,0.6,"$1,080,000",1080000.0,IL,For sale by owner,FOR_SALE,https://www.zillow.com/homedetails/22-Greencroft-Dr-Champaign-IL-61821/3228027_zpid/,,61821,3228027
"3901 Slate Dr, Champaign, IL 61822",1917.0,4.0,4.0,Champaign,,SINGLE_FAMILY,https://photos.zillowstatic.com/fp/a938f9c96da67f327c0c69a8367618a2-p_e.jpg,40.131985,-88.31038,acres,0.8360881542699724,"$418,900",418900.0,IL,Active,FOR_SALE,https://www.zillow.com/homedetails/3901-Slate-Dr-Champaign-IL-61822/249417999_zpid/,,61822,249417999
"1205 Broadmoor Dr, Champaign, IL 61821",2570.0,3.0,4.0,Champaign,,SINGLE_FAMILY,https://photos.zillowstatic.com/fp/3aa040ebd24b7d6a49a82bc1f757a938-p_e.jpg,40.0938,-88.26515,sqft,10454.4,"$520,000",520000.0,IL,Active,FOR_SALE,https://www.zillow.com/homedetails/1205-Broadmoor-Dr-Champaign-IL-61821/3232468_zpid/,,61821,3232468
"4508 Legends Dr, Champaign, IL 61822",1873.0,3.0,3.0,Champaign,,SINGLE_FAMILY,https://photos.zillowstatic.com/fp/a88ecad00f63ab400ae38f529790d000-p_e.jpg,40.07242,-88.31862,sqft,4791.6,"$415,000",415000.0,IL,Active,FOR_SALE,https://www.zillow.com/homedetails/4508-Legends-Dr-Champaign-IL-61822/443477805_zpid/,,61822,443477805
"303 N Draper Ave, Champaign, IL 61821",876.0,1.0,2.0,Champaign,,SINGLE_FAMILY,https://photos.zillowstatic.com/fp/90705c140a49f461e416eca4aeb9cf2e-p_e.jpg,40.118896,-88.270645,sqft,8617.0,"$160,000",160000.0,IL,Active,FOR_SALE,https://www.zillow.com/homedetails/303-N-Draper-Ave-Champaign-IL-61821/3223137_zpid/,,61821,3223137
"1503 English Oak Dr, Champaign, IL 61822",2876.0,5.0,6.0,Champaign,,SINGLE_FAMILY,https://photos.zillowstatic.com/fp/4cd1775ee15a545028243a4c44d7f183-p_e.jpg,40.100212,-88.32819,acres,0.2743595041322314,"$727,900",727900.0,IL,Active,FOR_SALE,https://www.zillow.com/homedetails/1503-English-Oak-Dr-Champaign-IL-61822/89055371_zpid/,,61822,89055371
"4406 Crossgate Dr, Champaign, IL 61822",3242.0,3.0,4.0,Champaign,,SINGLE_FAMILY,https://photos.zillowstatic.com/fp/915493cd8834e63df317032249548553-p_e.jpg,40.091263,-88.31817,sqft,9583.2,"$519,000",519000.0,IL,Active,FOR_SALE,https://www.zillow.com/homedetails/4406-Crossgate-Dr-Champaign-IL-61822/3197673_zpid/,,61822,3197673
"3309 Palmer Dr, Champaign, IL 61822",1773.0,3.0,3.0,Champaign,,SINGLE_FAMILY,https://photos.zillowstatic.com/fp/3abe62ae80dcb25055b1982d41e71f5a-p_e.jpg,40.07173,-88.31951,sqft,4791.6,"$399,900",399900.0,IL,Active,FOR_SALE,https://www.zillow.com/homedetails/3309-Palmer-Dr-Champaign-IL-61822/454871488_zpid/,,61822,454871488
"1621 English Oak Dr, Champaign, IL 61822",3297.0,4.0,5.0,Champaign,,SINGLE_FAMILY,https://photos.zillowstatic.com/fp/44635f82db65d8b93b994eff03a38169-p_e.jpg,40.095745,-88.32881,acres,0.3282828282828283,"$799,900",799900.0,IL,Active,FOR_SALE,https://www.zillow.com/homedetails/1621-English-Oak-Dr-Champaign-IL-61822/70048989_zpid/,,61822,70048989
"811 Hamilton Dr, Champaign, IL 61820",2496.0,4.0,4.0,Champaign,,SINGLE_FAMILY,https://photos.zillowstatic.com/fp/70ae4f8ea3b7d7f4922e9d7549072ee8-p_e.jpg,40.11472,-88.24267,acres,0.5463728191000918,"$675,000",675000.0,IL,Active,FOR_SALE,https://www.zillow.com/homedetails/811-Hamilton-Dr-Champaign-IL-61820/3226244_zpid/,,61820,3226244
"2410 Wendover Pl, Champaign, IL 61822",2663.0,4.0,4.0,Champaign,,SINGLE_FAMILY,https://photos.zillowstatic.com/fp/e3a7a11f8b175d1accb20614f8c9d798-p_e.jpg,40.082703,-88.30006,,,"$620,000",620000.0,IL,Active,FOR_SALE,https://www.zillow.com/homedetails/2410-Wendover-Pl-Champaign-IL-61822/3234641_zpid/,,61822,3234641
"1009 W Columbia Ave, Champaign, IL 61821",1524.0,1.0,3.0,Champaign,,SINGLE_FAMILY,https://photos.zillowstatic.com/fp/6a49ce567c194110c502e0f2db17adfd-p_e.jpg,40.121056,-88.26147,sqft,8250.0,"$229,900",229900.0,IL,Active,FOR_SALE,https://www.zillow.com/homedetails/1009-W-Columbia-Ave-Champaign-IL-61821/3222831_zpid/,,61821,3222831
"1308 N Champaign St, Champaign, IL 61820",993.0,1.0,3.0,Champaign,,SINGLE_FAMILY,https://photos.zillowstatic.com/fp/ed63bf6c005f83f51c9d66fa9c5dcf09-p_e.jpg,40.129234,-88.23964,sqft,5227.2,"$100,000",100000.0,IL,Active,FOR_SALE,https://www.zillow.com/homedetails/1308-N-Champaign-St-Champaign-IL-61820/3219912_zpid/,,61820,3219912
"4203 Curtis Meadow Dr, Champaign, IL 61822",2922.0,4.0,5.0,Champaign,,SINGLE_FAMILY,https://photos.zillowstatic.com/fp/3d7da9aa7b12d4f7e9df9c34c281d39f-p_e.jpg,40.095512,-88.31489,acres,1.0,"$1,099,000",1099000.0,IL,Active,FOR_SALE,https://www.zillow.com/homedetails/4203-Curtis-Meadow-Dr-Champaign-IL-61822/3197558_zpid/,,61822,3197558
"1115 Joanne Ln, Champaign, IL 61820",1275.0,1.0,4.0,Champaign,,SINGLE_FAMILY,https://photos.zillowstatic.com/fp/53d8973cfb2bf579fb5606614990c551-p_e.jpg,40.13098,-88.265205,sqft,7605.0,"$105,000",105000.0,IL,Active,FOR_SALE,https://www.zillow.com/homedetails/1115-Joanne-Ln-Champaign-IL-61820/3220928_zpid/,,61820,3220928
"5008 Emmas Way, Champaign, IL 61822",2012.0,4.0,4.0,Champaign,,SINGLE_FAMILY,https://photos.zillowstatic.com/fp/2726b0a1f83191ac6f235f11cead3278-p_e.jpg,40.091297,-88.32985,sqft,7800.0,"$475,000",475000.0,IL,Active,FOR_SALE,https://www.zillow.com/homedetails/5008-Emmas-Way-Champaign-IL-61822/120800597_zpid/,,61822,120800597
"412 Doisy Ln, Champaign, IL 61822",2210.0,3.0,3.0,Champaign,,SINGLE_FAMILY,https://photos.zillowstatic.com/fp/98380578917bd0deebed4c5a115e1e0a-p_e.jpg,40.15084,-88.25162,sqft,5175.0,"$345,000",345000.0,IL,Active,FOR_SALE,https://www.zillow.com/homedetails/412-Doisy-Ln-Champaign-IL-61822/72594282_zpid/,,61822,72594282
"302 Sutton St, Savoy, IL 61874",1970.0,3.0,3.0,Savoy,,SINGLE_FAMILY,https://photos.zillowstatic.com/fp/f7cba51fa68b4a156512d261fa662914-p_e.jpg,40.04895,-88.24723,sqft,8400.0,"$429,900",429900.0,IL,Active,FOR_SALE,https://www.zillow.com/homedetails/302-Sutton-St-Savoy-IL-61874/450527208_zpid/,,61874,450527208
"2107 Max Run Dr, Champaign, IL 61822",2297.0,4.0,5.0,Champaign,,SINGLE_FAMILY,https://photos.zillowstatic.com/fp/bc251e9af75618b442a7997bdfadebcd-p_e.jpg,40.089245,-88.32919,sqft,8880.0,"$489,900",489900.0,IL,Active,FOR_SALE,https://www.zillow.com/homedetails/2107-Max-Run-Dr-Champaign-IL-61822/124111884_zpid/,,61822,124111884
"1805 Mullikin Dr, Champaign, IL 61822",3000.0,4.0,5.0,Champaign,,SINGLE_FAMILY,https://photos.zillowstatic.com/fp/9a17791a175d1054134cc44b82a793c6-p_e.jpg,40.093376,-88.3231,,,"$665,000",665000.0,IL,For sale by owner,FOR_SALE,https://www.zillow.com/homedetails/1805-Mullikin-Dr-Champaign-IL-61822/65290321_zpid/,,61822,65290321
"2424 Prairie Ridge Place, Champaign, IL 61822",1500.0,3.0,4.0,Champaign,,SINGLE_FAMILY,https://photos.zillowstatic.com/fp/411d1a9aefa45bd4319a2b383e3acd89-p_e.jpg,40.128174,-88.31426,sqft,5500.0,"$445,000",445000.0,IL,Active,FOR_SALE,https://www.zillow.com/homedetails/2424-Prairie-Ridge-Place-Champaign-IL-61822/455102861_zpid/,,61822,455102861
"1410 S Mattis Ave, Champaign, IL 61821",1185.0,2.0,3.0,Champaign,,SINGLE_FAMILY,https://photos.zillowstatic.com/fp/2584826c616cd323332ee86149eadc19-p_e.jpg,40.10011,-88.276184,sqft,7405.2,"$179,900",179900.0,IL,Active,FOR_SALE,https://www.zillow.com/homedetails/1410-S-Mattis-Ave-Champaign-IL-61821/3227723_zpid/,,61821,3227723
"4812 Oakdale Dr, Champaign, IL 61822",2741.0,4.0,5.0,Champaign,,SINGLE_FAMILY,https://photos.zillowstatic.com/fp/865a2a03054b43f97afdfc94f48be07a-p_e.jpg,40.105854,-88.327324,sqft,9600.0,"$654,900",654900.0,IL,Active,FOR_SALE,https://www.zillow.com/homedetails/4812-Oakdale-Dr-Champaign-IL-61822/89045255_zpid/,,61822,89045255
"3311 Palmer Dr, Champaign, IL 61822",1795.0,4.0,4.0,Champaign,,SINGLE_FAMILY,https://photos.zillowstatic.com/fp/a5f547200f0d8ddbf66982f468af7daf-p_e.jpg,40.071617,-88.31951,sqft,4867.0,"$454,900",454900.0,IL,Active,FOR_SALE,https://www.zillow.com/homedetails/3311-Palmer-Dr-Champaign-IL-61822/456671597_zpid/,,61822,456671597
"313 Sutton St, Savoy, IL 61874",2287.0,3.0,4.0,Savoy,,SINGLE_FAMILY,https://photos.zillowstatic.com/fp/c22a3216fdb10096cefb1a43dd4c6414-p_e.jpg,40.04846,-88.245766,sqft,7800.0,"$484,900",484900.0,IL,Active,FOR_SALE,https://www.zillow.com/homedetails/313-Sutton-St-Savoy-IL-61874/443477671_zpid/,,61874,443477671
"1315 Williamsburg Dr, Champaign, IL 61821",882.0,1.0,3.0,Champaign,,SINGLE_FAMILY,https://photos.zillowstatic.com/fp/f5ce7665b4b7aebfba2309509c6b7edd-p_e.jpg,40.129864,-88.27107,,,"$130,000",130000.0,IL,Active,FOR_SALE,https://www.zillow.com/homedetails/1315-Williamsburg-Dr-Champaign-IL-61821/3220654_zpid/,,61821,3220654
"504 E Church St, Champaign, IL 61820",4709.0,5.0,6.0,Champaign,,SINGLE_FAMILY,https://photos.zillowstatic.com/fp/456cdd1b3767fa40182e9438f4e00fe9-p_e.jpg,40.118603,-88.23163,sqft,8712.0,"$899,000",899000.0,IL,Active,FOR_SALE,https://www.zillow.com/homedetails/504-E-Church-St-Champaign-IL-61820/70052483_zpid/,,61820,70052483
"2605 Trafalgar Sq, Champaign, IL 61821",1937.0,2.0,5.0,Champaign,,SINGLE_FAMILY,https://photos.zillowstatic.com/fp/96d9bb46794c105db8687982709aa686-p_e.jpg,40.097466,-88.29056,sqft,6700.0,"$229,900",229900.0,IL,Active,FOR_SALE,https://www.zillow.com/homedetails/2605-Trafalgar-Sq-Champaign-IL-61821/3230230_zpid/,,61821,3230230
"2203 W Kirby Ave, Champaign, IL 61821",957.0,1.0,3.0,Champaign,,SINGLE_FAMILY,https://photos.zillowstatic.com/fp/bf27cf28090ff19d350c115e62bafdc6-p_e.jpg,40.098095,-88.28386,sqft,7130.0,"$135,000",135000.0,IL,Active,FOR_SALE,https://www.zillow.com/homedetails/2203-W-Kirby-Ave-Champaign-IL-61821/3230555_zpid/,,61821,3230555
"311 S Van Doren St, Champaign, IL 61820",2592.0,3.0,3.0,Champaign,,SINGLE_FAMILY,https://photos.zillowstatic.com/fp/147d909bdf9b7bfe828ced7fac712f04-p_e.jpg,40.11345,-88.25697,,,"$289,900",289900.0,IL,For sale by owner,FOR_SALE,https://www.zillow.com/homedetails/311-S-Van-Doren-St-Champaign-IL-61820/3225058_zpid/,,61820,3225058
"1901 Branch Rd, Champaign, IL 61821",1937.0,2.0,3.0,Champaign,,SINGLE_FAMILY,https://photos.zillowstatic.com/fp/16eb8d63d7680ad7f38d1eead8d39300-p_e.jpg,40.086697,-88.27667,sqft,9785.0,"$249,000",249000.0,IL,Active,FOR_SALE,https://www.zillow.com/homedetails/1901-Branch-Rd-Champaign-IL-61821/3231904_zpid/,,61821,3231904
"4007 Turnberry Dr, Champaign, IL 61822",3166.0,3.0,4.0,Champaign,,SINGLE_FAMILY,https://photos.zillowstatic.com/fp/9165536f2eac7614cf309cf0290e85bd-p_e.jpg,40.1025,-88.31172,,,"$479,000",479000.0,IL,Active,FOR_SALE,https://www.zillow.com/homedetails/4007-Turnberry-Dr-Champaign-IL-61822/3230025_zpid/,,61822,3230025
"1305 N Neil St, Champaign, IL 61820",882.0,2.0,4.0,Champaign,,SINGLE_FAMILY,https://photos.zillowstatic.com/fp/70bdccaee60494c7e44b216309e25b99-p_e.jpg,40.1287,-88.24408,sqft,10018.8,"$114,999",114999.0,IL,Active,FOR_SALE,https://www.zillow.com/homedetails/1305-N-Neil-St-Champaign-IL-61820/3219840_zpid/,,61820,3219840
"1601 Joanne Ln, Champaign, IL 61821",1070.0,1.0,3.0,Champaign,,SINGLE_FAMILY,https://photos.zillowstatic.com/fp/2550b0c4f13a921f92710cdcc32810b5-p_e.jpg,40.13307,-88.271774,,,"$108,000",108000.0,IL,Active,FOR_SALE,https://www.zillow.com/homedetails/1601-Joanne-Ln-Champaign-IL-61821/3220438_zpid/,,61821,3220438
"3712 Lighthouse Pointe, Champaign, IL 61822",1546.0,3.0,3.0,Champaign,,SINGLE_FAMILY,https://photos.zillowstatic.com/fp/5dc90ee47c686f6b47e2e461d1c26b58-p_e.jpg,40.130924,-88.30781,sqft,4356.0,"$320,000",320000.0,IL,Active,FOR_SALE,https://www.zillow.com/homedetails/3712-Lighthouse-Pointe-Champaign-IL-61822/443468651_zpid/,,61822,443468651
"1407 Sand Dollar Dr, Champaign, IL 61822",1585.0,4.0,4.0,Champaign,,SINGLE_FAMILY,https://photos.zillowstatic.com/fp/a5d5e770b6575465f058b11fc5016b4d-p_e.jpg,40.1303,-88.30816,sqft,3800.0,"$349,900",349900.0,IL,Active,FOR_SALE,https://www.zillow.com/homedetails/1407-Sand-Dollar-Dr-Champaign-IL-61822/72584418_zpid/,,61822,72584418
"1507 N Ridgeway Ave, Champaign, IL 61821",2893.0,8.0,4.0,Champaign,,SINGLE_FAMILY,https://photos.zillowstatic.com/fp/639fcb5c1c7c865893f3cd484ffd70dc-p_e.jpg,40.131805,-88.2619,,,"$350,000",350000.0,IL,Active,FOR_SALE,https://www.zillow.com/homedetails/1507-N-Ridgeway-Ave-Champaign-IL-61821/3220889_zpid/,,61821,3220889
"Boulder Ridge - Lighthouse Plan, Boulder Ridge",1546.0,3.0,3.0,Champaign,,SINGLE_FAMILY,https://photos.zillowstatic.com/fp/f221feda57b8325624c9c07e68031d52-p_e.jpg,40.1309,-88.307495,,,"$320,000+",320000.0,IL,New construction,FOR_SALE,https://www.zillow.com/community/boulder-ridge/455097694_zpid/,,61822,455097694
"1516 N Mattis Ave, Champaign, IL 61821",1200.0,1.0,5.0,Champaign,,SINGLE_FAMILY,https://photos.zillowstatic.com/fp/8d5b9d2b027a6018f8a08aa407e5481b-p_e.jpg,40.13241,-88.2767,sqft,8364.0,"$179,999",179999.0,IL,Active,FOR_SALE,https://www.zillow.com/homedetails/1516-N-Mattis-Ave-Champaign-IL-61821/3220253_zpid/,,61821,3220253
"1409 Sand Dollar Dr, Champaign, IL 61822",1585.0,4.0,4.0,Champaign,,SINGLE_FAMILY,https://photos.zillowstatic.com/fp/9119a23f4a1a73a4098ac7af13cb6e2e-p_e.jpg,40.130394,-88.30816,sqft,3800.0,"$349,900",349900.0,IL,Active,FOR_SALE,https://www.zillow.com/homedetails/1409-Sand-Dollar-Dr-Champaign-IL-61822/72587153_zpid/,,61822,72587153
"1108 Glen Abbey Dr, Champaign, IL 61822",2540.0,4.0,5.0,Champaign,,SINGLE_FAMILY,https://photos.zillowstatic.com/fp/b815f4e2c47a00878fcdff84832c0456-p_e.jpg,40.104584,-88.32764,,,"$675,000",675000.0,IL,Active,FOR_SALE,https://www.zillow.com/homedetails/1108-Glen-Abbey-Dr-Champaign-IL-61822/89047866_zpid/,,61822,89047866
"207 W Beardsley Ave, Champaign, IL 61820",1994.0,2.0,3.0,Champaign,,SINGLE_FAMILY,https://photos.zillowstatic.com/fp/1319f5a65853a1778b35421aed73a330-p_e.jpg,40.126152,-88.24616,sqft,8712.0,$0,0.0,IL,Auction,FOR_SALE,https://www.zillow.com/homedetails/207-W-Beardsley-Ave-Champaign-IL-61820/3224615_zpid/,,61820,3224615
"511 S Russell St, Champaign, IL 61821",1823.0,2.0,4.0,Champaign,,SINGLE_FAMILY,https://photos.zillowstatic.com/fp/ae33025eb67008cc4a86beb68e36904d-p_e.jpg,40.110764,-88.26768,sqft,10454.4,$0,0.0,IL,Auction,FOR_SALE,https://www.zillow.com/homedetails/511-S-Russell-St-Champaign-IL-61821/3226664_zpid/,,61821,3226664
"1919 Crescent Dr, Champaign, IL 61821",1196.0,2.0,,Champaign,,SINGLE_FAMILY,https://photos.zillowstatic.com/fp/7e2f30a1a80265335f104b7b31e06f45-p_e.jpg,40.091133,-88.28093,,,$0,0.0,IL,Auction,FOR_SALE,https://www.zillow.com/homedetails/1919-Crescent-Dr-Champaign-IL-61821/3230966_zpid/,,61821,3230966
